{"number_episodes": 6, "episode_rewards": [704.1999999999364, 774.899999999954, 883.6999999999805, 889.1999999999784, 890.5999999999832, 882.2999999999773], "mean_all_episodes": 837.4833333333017, "std_all_episodes": 72.25144558340246}