{"number_episodes": 1, "episode_rewards": [704.1999999999364], "mean_all_episodes": 704.1999999999364, "std_all_episodes": 0.0}