{"number_episodes": 6, "episode_rewards": [814.7999999999757, 849.4999999999786, 847.5999999999813, 838.7999999999691, 842.0999999999734, 863.3999999999755], "mean_all_episodes": 842.6999999999756, "std_all_episodes": 14.678328696869972}