{"number_episodes": 9, "episode_rewards": [814.7999999999757, 849.4999999999786, 847.5999999999813, 838.7999999999691, 842.0999999999734, 863.3999999999755, 791.7999999999599, 878.7999999999802, 893.099999999984], "mean_all_episodes": 846.6555555555309, "std_all_episodes": 29.03270612071296}