{"number_episodes": 3, "episode_rewards": [814.7999999999757, 849.4999999999786, 847.5999999999813], "mean_all_episodes": 837.2999999999785, "std_all_episodes": 15.92879991294787}