{"std": 267.1452763743732, "mean": -148.05080454428006, "episode_rewards": [-1147.6148918133783, -76.33180200635373, -76.3319908437446, -76.33199188876083, -76.3319908437446, -76.33186198214875, -76.33186311952915, -76.33186216702471, -76.33199188876084, -76.3318632119672, -76.33199188876084, -76.83199188876084, -77.33199188876084, -77.83199188876084, -77.83199084374462]}