{"mean": -616.2490561187332, "std": 521.2774906018705, "episode_rewards": [-1014.7976175926339, -154.85096097641195, -374.76942511191595, -1050.9420192434745, -258.8514968761261, 316.887166914895, -1045.0348471120565, -916.2931744180099, -1178.3613613409534, 335.13978289850786, -738.3149823447607, -5.4953731123284015, -1000.8813641493897, -1086.05167093874, -1071.1184983775968]}