{"episode_rewards": [47.82912742075344, -58.08178800620001, -58.08199188876082, -58.08186311952913, -58.0819908437446, -58.08186311952913, -58.0819908437446, -58.08199188876082, -58.58199188876082, -59.08199188876082, -59.58199188876082, -59.58199195037374, -59.58199075132528, -59.58199188876082, -60.08199188876082], "std": 26.59791423269544, "mean": -51.65455296233459}