{"episode_rewards": [277.7264214046672], "mean": 277.7264214046672, "std": 0.0}