{"episode_rewards": [25.35714285714323], "mean": 25.35714285714323, "std": 0.0}