{"episode_rewards": [234.19490445858796, 171.32317880795182, 365.7863945578084, 322.87692307690793, 368.54999999998535, -85.10566037735789, 167.35852842809908, 193.73939393939835, 170.50063694268022, 869.291525423713, 342.4229508196569, 909.5999999999825, 923.9999999999949, 330.26357615892493, 679.0207792207724], "mean": 397.588208763807, "std": 295.8604780692349}