{"episode_rewards": [-30.66357615894123], "mean": -30.66357615894123, "std": 0.0}