{"episode_rewards": [350.1311258278031], "mean": 350.1311258278031, "std": 0.0}