{"std": 154.08526570541375, "episode_rewards": [669.2805194805022, 923.099999999993, 785.731558935341, 893.2853420195223, 932.6999999999944, 599.075362318826, 882.4388888888675, 858.3062240663853, 889.63050847456, 728.251882845173, 450.755414012722, 882.4989619377046, 856.4666666666569, 498.602395209564, 919.799999999988], "mean": 784.6615816570534}