{"episode_rewards": [-35.891318327975064], "mean": -35.891318327975064, "std": 0.0}