{"episode_rewards": [258.7743589743422], "mean": 258.7743589743422, "std": 0.0}