{"episode_rewards": [765.2545454545285, 222.27557003257863, 72.0054380664703, 423.4486486486368, 698.3347985347855, 290.6450704225322, 360.47415730335973, 141.29659863946054, 519.2968553458951, 211.17724550898205, 751.4129032257945, 207.22049469965148, 506.57966101693444, 289.8709219858013, 533.4996336996187], "std": 215.1628976764972, "mean": 399.519502839002}