{"episode_rewards": [62.42289156626575], "mean": 62.42289156626575, "std": 0.0}