{"episode_rewards": [33.31515151515197], "mean": 33.31515151515197, "std": 0.0}