{"std": 15.536909459591877, "mean": 95.26666666666667, "episode_rewards": [115.0, 91.0, 90.0, 122.0, 97.0, 104.0, 104.0, 102.0, 67.0, 76.0, 95.0, 99.0, 67.0, 111.0, 89.0]}