{"episode_rewards": [203.0, 169.0, 201.0, 208.0, 148.0, 331.0, 133.0, 125.0, 132.0, 236.0, 125.0, 143.0, 153.0, 175.0, 151.0], "mean": 175.53333333333333, "std": 52.95515922824601}