{"mean": 120.93333333333334, "std": 7.169069364677367, "episode_rewards": [127.0, 121.0, 124.0, 118.0, 125.0, 133.0, 117.0, 108.0, 123.0, 120.0, 109.0, 114.0, 128.0, 131.0, 116.0]}