{"std": 8.421137426473669, "mean": 122.53333333333333, "episode_rewards": [125.0, 122.0, 109.0, 118.0, 124.0, 113.0, 132.0, 125.0, 136.0, 135.0, 126.0, 118.0, 113.0, 111.0, 131.0]}