{"episode_rewards": [155.0, 145.0, 145.0, 163.0, 223.0, 158.0, 144.0, 159.0, 148.0, 157.0, 140.0, 145.0, 158.0, 154.0, 145.0], "mean": 155.93333333333334, "std": 19.164086782892166}