{"episode_rewards": [362.0, 410.0, 379.0, 362.0, 381.0, 341.0, 339.0, 355.0, 365.0, 377.0, 359.0, 367.0, 371.0, 329.0, 358.0], "mean": 363.6666666666667, "std": 18.94788173443729}