{"mean": 162.13333333333333, "std": 9.047037575299935, "episode_rewards": [165.0, 152.0, 155.0, 163.0, 154.0, 165.0, 143.0, 162.0, 176.0, 152.0, 175.0, 173.0, 168.0, 165.0, 164.0]}