{"mean": 124.26666666666667, "std": 4.234251868853445, "episode_rewards": [122.0, 121.0, 124.0, 128.0, 121.0, 130.0, 119.0, 121.0, 134.0, 126.0, 127.0, 122.0, 119.0, 128.0, 122.0]}