{"episode_rewards": [9.0, 9.0, 10.0, 10.0, 10.0, 10.0, 10.0, 10.0, 9.0, 10.0, 10.0, 10.0, 10.0, 9.0, 9.0], "mean": 9.666666666666666, "std": 0.47140452079103173}