{"mean": 709.4666666666667, "episode_rewards": [269.0, 1002.0, 1002.0, 1002.0, 1002.0, 1002.0, 1002.0, 261.0, 260.0, 289.0, 1002.0, 1002.0, 266.0, 1002.0, 279.0], "std": 358.33799066740823}