{"episode_rewards": [262.0, 488.0, 193.0, 474.0, 221.0, 609.0, 264.0, 223.0, 201.0, 400.0, 426.0, 201.0, 195.0, 212.0, 454.0], "mean": 321.53333333333336, "std": 133.78284228139606}