{"episode_rewards": [354.0, 347.0, 338.0, 316.0, 349.0, 358.0, 340.0, 322.0, 338.0, 328.0, 353.0, 353.0, 361.0, 350.0, 357.0], "mean": 344.26666666666665, "std": 13.157845146105378}